BD.GROUPS,count,pct_of_total
BACTERIA,10,0.136986301369863
FUNGI,10,0.136986301369863
FLORA,16,0.2191780821917808
FAUNA,28,0.3835616438356164
