"ResponseVariable","AIC","BIC","LogLikelihood","Tau2","I2","QM","QMp"
"Biodiversity",17877.3479849419,17918.1133646235,-8925.67399247094,1.90178131661683e-11,0,196.642158640657,3.25689516142969e-38
"Product quality",-312.917543915612,-278.170769067607,169.458771957806,0.00130561232810799,1.4,32.4805239569746,7.63753904384176e-05
"Crop yield",1225.35604613918,1272.99352948539,-598.678023069588,0.00749490618277565,0.1,267.093632029542,2.43709911354937e-52
"Pest and Disease",6656.0412648633,6674.9594678444,-3318.02063243165,2.45830749922932e-10,0,232.178439958044,3.64958404848151e-48
"Soil quality",418.415699786014,464.194691718223,-196.207849893007,0.000170423016968602,0.1,145.04671523037,2.11287528140254e-27
